Feature, Count, % Miss., Card., Min., 1st Qrt., Mean, Median, 3rd Qrt., Max., Std. Dev.
age, 2699, 0, 65, 16, 31.0, 39.97776954427566, 37.0, 48.0, 89, 11.51308061588422
balance, 2699, 0, 1678, -1701, 64.0, 1396.7065579844386, 442.0, 1441.0, 32948, 2879.5554344759776
day, 2699, 0, 31, 1, 8.0, 15.788440163023342, 16.0, 21.0, 31, 8.276633880766468
campaign, 2699, 0, 34, 1, 1.0, 2.8006669136717304, 2.0, 3.0, 43, 3.2270607335991994
pdays, 2699, 0, 227, -1, -1.0, 37.66950722489811, -1.0, -1.0, 808, 98.79995513328058
previous, 2699, 0, 21, 0, 0.0, 0.530196369025565, 0.0, 0.0, 29, 1.8292866019772889
